pi_category,mean,median,count
Boycott,14.271437994722955,2.0,3032
Buy,10.190721649484535,2.0,1940
Neutral-PI,3.5105027057818283,0.0,28088
