stance_category,mean,median,count
Pro-DEI,12.923393478949034,2.0,3159
Anti-DEI,5.2588149763722285,1.0,2751
Neutral-DEI,3.9172007366482506,1.0,27150
