comment_type_derived,Boycott,Neutral-PI,Buy
Initial Comment,0.1277142998466637,0.7968046693376861,0.07548103081565019
Reply,0.0350385423966363,0.9327259985984583,0.0322354590049054
