comment_type_derived,Anti-DEI,Neutral-DEI,Pro-DEI
Initial Comment,0.07290893802245635,0.8268783696888757,0.10021269228866796
Reply,0.09943159697889901,0.8123491396091256,0.08821926341197539
